"Date","Various bitcoin currency statistics"
"2009-01-03",50
"2009-01-04",0
"2009-01-05",0
"2009-01-06",0
"2009-01-07",0
"2009-01-08",0
"2009-01-09",700
"2009-01-10",1550
"2009-01-11",5300
"2009-01-12",4601
"2009-01-13",5778
"2009-01-14",6300
"2009-01-15",6911
"2009-01-16",5900
"2009-01-17",5500
"2009-01-18",5050
"2009-01-19",6100
"2009-01-20",6575
"2009-01-21",6150
"2009-01-22",4250
"2009-01-23",3500
"2009-01-24",10750
"2009-01-25",9750
"2009-01-26",5800
"2009-01-27",6300
"2009-01-28",5150
"2009-01-29",6100
"2009-01-30",6650
"2009-01-31",6450
"2009-02-01",6900
"2009-02-02",6350
"2009-02-03",7436.52
"2009-02-04",6300
"2009-02-05",6050
"2009-02-06",6450
"2009-02-07",7498
"2009-02-08",7700
"2009-02-09",8600
"2009-02-10",6350
"2009-02-11",6900.04
"2009-02-12",6100
"2009-02-13",6200
"2009-02-14",7050
"2009-02-15",7000
"2009-02-16",6150
"2009-02-17",7400
"2009-02-18",6200
"2009-02-19",5850
"2009-02-20",7200
"2009-02-21",5500
"2009-02-22",7100
"2009-02-23",5350
"2009-02-24",5550
"2009-02-25",5350
"2009-02-26",4800
"2009-02-27",6150
"2009-02-28",6900
"2009-03-01",5650
"2009-03-02",5200
"2009-03-03",5700
"2009-03-04",5300
"2009-03-05",6550
"2009-03-06",6300
"2009-03-07",5550
"2009-03-08",7150
"2009-03-09",5650
"2009-03-10",5250
"2009-03-11",5400
"2009-03-12",6050
"2009-03-13",6450
"2009-03-14",5800
"2009-03-15",5550
"2009-03-16",8900
"2009-03-17",5750
"2009-03-18",5500
"2009-03-19",6800
"2009-03-20",6500
"2009-03-21",3850
"2009-03-22",5300
"2009-03-23",6600
"2009-03-24",5250
"2009-03-25",5800
"2009-03-26",7050
"2009-03-27",5500
"2009-03-28",6950
"2009-03-29",5600
"2009-03-30",6250
"2009-03-31",7250
"2009-04-01",5350
"2009-04-02",6000
"2009-04-03",5650
"2009-04-04",5650
"2009-04-05",6450
"2009-04-06",6600
"2009-04-07",4950
"2009-04-08",5200
"2009-04-09",4950
"2009-04-10",5150
"2009-04-11",6450
"2009-04-12",5750
"2009-04-13",6750
"2009-04-14",6350
"2009-04-15",5600
"2009-04-16",6150
"2009-04-17",5750
"2009-04-18",6232.51
"2009-04-19",6400
"2009-04-20",8100
"2009-04-21",9700
"2009-04-22",6050
"2009-04-23",4000
"2009-04-24",5650
"2009-04-25",6100
"2009-04-26",6200
"2009-04-27",5250
"2009-04-28",5850
"2009-04-29",6150
"2009-04-30",7600
"2009-05-01",6150
"2009-05-02",6200
"2009-05-03",6399.94
"2009-05-04",6210
"2009-05-05",8100
"2009-05-06",7350
"2009-05-07",6050
"2009-05-08",6100
"2009-05-09",4550
"2009-05-10",3100
"2009-05-11",6050
"2009-05-12",6350
"2009-05-13",5850
"2009-05-14",6800.01
"2009-05-15",7249.99
"2009-05-16",6200
"2009-05-17",6250
"2009-05-18",6200
"2009-05-19",5000
"2009-05-20",5200
"2009-05-21",4450
"2009-05-22",4150
"2009-05-23",350
"2009-05-24",4800
"2009-05-25",5600
"2009-05-26",5650
"2009-05-27",6250
"2009-05-28",5150
"2009-05-29",8350
"2009-05-30",5150
"2009-05-31",5900
"2009-06-01",3700
"2009-06-02",4450
"2009-06-03",4900
"2009-06-04",1950
"2009-06-05",2850
"2009-06-06",1200
"2009-06-07",200
"2009-06-08",3600
"2009-06-09",4700
"2009-06-10",4150
"2009-06-11",4650
"2009-06-12",4550
"2009-06-13",3700
"2009-06-14",3500
"2009-06-15",4100
"2009-06-16",3650
"2009-06-17",3850
"2009-06-18",4050
"2009-06-19",4350
"2009-06-20",4200
"2009-06-21",3750
"2009-06-22",7000
"2009-06-23",3800
"2009-06-24",4398.98
"2009-06-25",3700
"2009-06-26",5450
"2009-06-27",4250
"2009-06-28",2600
"2009-06-29",3800
"2009-06-30",4495
"2009-07-01",4250
"2009-07-02",3600
"2009-07-03",4200
"2009-07-04",4450
"2009-07-05",4000
"2009-07-06",4550
"2009-07-07",3150
"2009-07-08",3950
"2009-07-09",4050
"2009-07-10",4100
"2009-07-11",4200
"2009-07-12",3800
"2009-07-13",3800
"2009-07-14",3600
"2009-07-15",2300
"2009-07-16",3450
"2009-07-17",3250
"2009-07-18",150
"2009-07-19",2600
"2009-07-20",3750
"2009-07-21",9749.67
"2009-07-22",3450
"2009-07-23",3300
"2009-07-24",3750
"2009-07-25",2650
"2009-07-26",650
"2009-07-27",3200
"2009-07-28",2200
"2009-07-29",1600
"2009-07-30",850
"2009-07-31",600
"2009-08-01",1150
"2009-08-02",1500
"2009-08-03",750
"2009-08-04",2900
"2009-08-05",4550
"2009-08-06",4800
"2009-08-07",3700
"2009-08-08",9649.53
"2009-08-09",4900
"2009-08-10",4100
"2009-08-11",3350
"2009-08-12",3400
"2009-08-13",4050
"2009-08-14",3250
"2009-08-15",1700
"2009-08-16",1250
"2009-08-17",850
"2009-08-18",450
"2009-08-19",750
"2009-08-20",1200
"2009-08-21",800
"2009-08-22",400
"2009-08-23",600
"2009-08-24",400
"2009-08-25",2750
"2009-08-26",2100
"2009-08-27",3848.06
"2009-08-28",3200
"2009-08-29",4150
"2009-08-30",4550
"2009-08-31",5000
"2009-09-01",3950
"2009-09-02",3400
"2009-09-03",3700
"2009-09-04",3150
"2009-09-05",3550
"2009-09-06",3600
"2009-09-07",4550
"2009-09-08",3300
"2009-09-09",2900
"2009-09-10",3050
"2009-09-11",3400
"2009-09-12",3550
"2009-09-13",3500
"2009-09-14",4050
"2009-09-15",2800
"2009-09-16",2901
"2009-09-17",9200
"2009-09-18",4050
"2009-09-19",3550
"2009-09-20",3950
"2009-09-21",3700
"2009-09-22",2100
"2009-09-23",3350
"2009-09-24",4100
"2009-09-25",6300
"2009-09-26",4700
"2009-09-27",5250
"2009-09-28",4400
"2009-09-29",6300
"2009-09-30",4350
"2009-10-01",4250
"2009-10-02",4250
"2009-10-03",2900
"2009-10-04",3050
"2009-10-05",2900
"2009-10-06",2950
"2009-10-07",2550
"2009-10-08",3500
"2009-10-09",3900
"2009-10-10",3850
"2009-10-11",3950
"2009-10-12",8150
"2009-10-13",2550
"2009-10-14",2800
"2009-10-15",4250
"2009-10-16",12950
"2009-10-17",2750
"2009-10-18",3550
"2009-10-19",4950
"2009-10-20",5550
"2009-10-21",9199.88
"2009-10-22",17149.76
"2009-10-23",4350
"2009-10-24",3750
"2009-10-25",15900
"2009-10-26",3250
"2009-10-27",16300
"2009-10-28",3200
"2009-10-29",3000
"2009-10-30",4600
"2009-10-31",2250
"2009-11-01",1500
"2009-11-02",1650
"2009-11-03",2850
"2009-11-04",3100
"2009-11-05",18700
"2009-11-06",2450
"2009-11-07",3800
"2009-11-08",3500
"2009-11-09",3250
"2009-11-10",3550
"2009-11-11",93450
"2009-11-12",3500
"2009-11-13",4100
"2009-11-14",4150
"2009-11-15",4800
"2009-11-16",5000
"2009-11-17",4550
"2009-11-18",3950
"2009-11-19",3650
"2009-11-20",48450
"2009-11-21",3850
"2009-11-22",5000
"2009-11-23",4800
"2009-11-24",5100
"2009-11-25",4250
"2009-11-26",3900
"2009-11-27",3750
"2009-11-28",3900
"2009-11-29",2900
"2009-11-30",3700
"2009-12-01",3300
"2009-12-02",14950
"2009-12-03",4250
"2009-12-04",2450
"2009-12-05",2600
"2009-12-06",6290
"2009-12-07",4700
"2009-12-08",7450
"2009-12-09",6985
"2009-12-10",5220
"2009-12-11",6250
"2009-12-12",10250
"2009-12-13",5200
"2009-12-14",37945.7
"2009-12-15",11250
"2009-12-16",6809
"2009-12-17",8300
"2009-12-18",10049.5
"2009-12-19",11250
"2009-12-20",8750
"2009-12-21",9400
"2009-12-22",7600
"2009-12-23",8450
"2009-12-24",7200
"2009-12-25",7900
"2009-12-26",7950
"2009-12-27",8700
"2009-12-28",6900
"2009-12-29",8200
"2009-12-30",7800
"2009-12-31",7500
"2010-01-01",5950
"2010-01-02",6600
"2010-01-03",8150
"2010-01-04",30304.35
"2010-01-05",10400
"2010-01-06",7900
"2010-01-07",7950
"2010-01-08",7500
"2010-01-09",7400
"2010-01-10",9550
"2010-01-11",7700
"2010-01-12",19099.88
"2010-01-13",7958
"2010-01-14",7905
"2010-01-15",7200
"2010-01-16",6900.74
"2010-01-17",6401
"2010-01-18",6500
"2010-01-19",6000
"2010-01-20",7000
"2010-01-21",9588.29
"2010-01-22",7700
"2010-01-23",7600
"2010-01-24",7351
"2010-01-25",13450
"2010-01-26",10973
"2010-01-27",9050
"2010-01-28",10500
"2010-01-29",10200
"2010-01-30",9800
"2010-01-31",11950
"2010-02-01",12300
"2010-02-02",7100
"2010-02-03",13500
"2010-02-04",11999.99
"2010-02-05",26099
"2010-02-06",10850
"2010-02-07",11249
"2010-02-08",17603
"2010-02-09",10650
"2010-02-10",59000
"2010-02-11",9700
"2010-02-12",18200
"2010-02-13",13399
"2010-02-14",35474.51
"2010-02-15",12450
"2010-02-16",10899.98
"2010-02-17",65173.13
"2010-02-18",18911.74
"2010-02-19",9749.98
"2010-02-20",11150.03
"2010-02-21",12266.83
"2010-02-22",32350
"2010-02-23",12600
"2010-02-24",14800
"2010-02-25",8100
"2010-02-26",29349
"2010-02-27",9101
"2010-02-28",13399
"2010-03-01",10300
"2010-03-02",12400
"2010-03-03",7650
"2010-03-04",19400
"2010-03-05",27900
"2010-03-06",32797.39
"2010-03-07",16250
"2010-03-08",15845.18
"2010-03-09",11400
"2010-03-10",8850
"2010-03-11",11749.99
"2010-03-12",6150
"2010-03-13",9800
"2010-03-14",7800
"2010-03-15",6302
"2010-03-16",6950
"2010-03-17",8301
"2010-03-18",8130
"2010-03-19",15470
"2010-03-20",13696
"2010-03-21",11552
"2010-03-22",11500
"2010-03-23",13960.59
"2010-03-24",10076.34
"2010-03-25",33800
"2010-03-26",12351
"2010-03-27",12950
"2010-03-28",11600
"2010-03-29",13250
"2010-03-30",11100
"2010-03-31",11400
"2010-04-01",10924.2
"2010-04-02",8800
"2010-04-03",10023.48
"2010-04-04",10500
"2010-04-05",12594.74
"2010-04-06",19633.45
"2010-04-07",15153.14
"2010-04-08",13238.74
"2010-04-09",11424.01
"2010-04-10",53193
"2010-04-11",22677.31
"2010-04-12",43764.61
"2010-04-13",11577
"2010-04-14",15257.29
"2010-04-15",114696.12
"2010-04-16",27931.63
"2010-04-17",18391.58
"2010-04-18",25304.6
"2010-04-19",43832.61
"2010-04-20",42263.8
"2010-04-21",15308.81
"2010-04-22",31902.85
"2010-04-23",13790.99
"2010-04-24",19781.1
"2010-04-25",21180.8
"2010-04-26",17815.5
"2010-04-27",22343.93
"2010-04-28",16271.87
"2010-04-29",13386.03
"2010-04-30",40960.32
"2010-05-01",41344.6
"2010-05-02",12403
"2010-05-03",15751
"2010-05-04",12603.99
"2010-05-05",36805.82
"2010-05-06",17099.97
"2010-05-07",49545.01
"2010-05-08",10660
"2010-05-09",31698.66
"2010-05-10",12842.67
"2010-05-11",10621.26
"2010-05-12",15700
"2010-05-13",26670.11
"2010-05-14",23275.33
"2010-05-15",9270.03
"2010-05-16",7488.64
"2010-05-17",16847.48
"2010-05-18",16526
"2010-05-19",25418.51
"2010-05-20",13394.97
"2010-05-21",15512.96
"2010-05-22",56336.75
"2010-05-23",61392.14
"2010-05-24",17456
"2010-05-25",19050
"2010-05-26",24062
"2010-05-27",21040.48
"2010-05-28",42555.58
"2010-05-29",40875.12
"2010-05-30",30539.71
"2010-05-31",12111
"2010-06-01",14142.01
"2010-06-02",16201.97
"2010-06-03",16514.24
"2010-06-04",39744.49
"2010-06-05",11400
"2010-06-06",14650
"2010-06-07",28453.31
"2010-06-08",27900.8
"2010-06-09",54760.96
"2010-06-10",53895.02
"2010-06-11",28105
"2010-06-12",21898.01
"2010-06-13",15143.46
"2010-06-14",49237.65
"2010-06-15",55578
"2010-06-16",17190.08
"2010-06-17",43867.51
"2010-06-18",14211.62
"2010-06-19",63472.79
"2010-06-20",33103.01
"2010-06-21",45623.09
"2010-06-22",39649.42
"2010-06-23",43859.22
"2010-06-24",45664.37
"2010-06-25",40130
"2010-06-26",52315
"2010-06-27",33347.74
"2010-06-28",43325.05
"2010-06-29",59574.05
"2010-06-30",42443.12
"2010-07-01",47384.78
"2010-07-02",39069.81
"2010-07-03",129295.4
"2010-07-04",21766.5
"2010-07-05",59620
"2010-07-06",37157.51
"2010-07-07",61310.31
"2010-07-08",21542.94
"2010-07-09",25316
"2010-07-10",30853.74
"2010-07-11",33656.99
"2010-07-12",2490710.99
"2010-07-13",375367.98
"2010-07-14",457056.19
"2010-07-15",108133.06
"2010-07-16",99601.75
"2010-07-17",44761.64
"2010-07-18",42807.91
"2010-07-19",56879.76
"2010-07-20",38158.85
"2010-07-21",36352.93
"2010-07-22",43947.49
"2010-07-23",40387.12
"2010-07-24",41380.86
"2010-07-25",61276.82
"2010-07-26",54379.25
"2010-07-27",83431.72
"2010-07-28",34422.77
"2010-07-29",67470.65
"2010-07-30",38727.83
"2010-07-31",26849.89
"2010-08-01",275826.17
"2010-08-02",80756.88
"2010-08-03",35410.38
"2010-08-04",43476.55
"2010-08-05",63196.35
"2010-08-06",27828.86
"2010-08-07",34545.32
"2010-08-08",24398.03
"2010-08-09",42164.61
"2010-08-10",79568.17
"2010-08-11",64335.31
"2010-08-12",37502.57
"2010-08-13",45207.98
"2010-08-14",32041.73
"2010-08-15",32624.12
"2010-08-16",41918.88
"2010-08-17",72855.15
"2010-08-18",52829.65
"2010-08-19",32027.42
"2010-08-20",36647.52
"2010-08-21",33790.41
"2010-08-22",45810.46
"2010-08-23",29274.46
"2010-08-24",28624.03
"2010-08-25",24234.76
"2010-08-26",30534.45
"2010-08-27",21534.39
"2010-08-28",39471.26
"2010-08-29",18946.78
"2010-08-30",20544.6
"2010-08-31",50604.25
"2010-09-01",25273.89
"2010-09-02",37692.37
"2010-09-03",45194.31
"2010-09-04",45032.56
"2010-09-05",128716.02
"2010-09-06",94878.79
"2010-09-07",34840.22
"2010-09-08",24540.79
"2010-09-09",40414.58
"2010-09-10",25097.62
"2010-09-11",17622.84
"2010-09-12",26765.48
"2010-09-13",114883.92
"2010-09-14",46151.354
"2010-09-15",46988.23
"2010-09-16",39173.55
"2010-09-17",44589.06
"2010-09-18",81783
"2010-09-19",63683.91
"2010-09-20",71345.62
"2010-09-21",39944.08
"2010-09-22",51528.04
"2010-09-23",123082.78
"2010-09-24",48867.6
"2010-09-25",32462.93
"2010-09-26",30732.86
"2010-09-27",39222.8
"2010-09-28",55063.235
"2010-09-29",152303.87
"2010-09-30",36006.74
"2010-10-01",74309.818
"2010-10-02",46316.148
"2010-10-03",403512.378
"2010-10-04",539563.53
"2010-10-05",189281.43
"2010-10-06",99404.95
"2010-10-07",175824
"2010-10-08",181045.43
"2010-10-09",164092.5
"2010-10-10",135145.64
"2010-10-11",71405.12
"2010-10-12",108997.45
"2010-10-13",95713.93
"2010-10-14",157733.04
"2010-10-15",145488.96
"2010-10-16",228684.56
"2010-10-17",165836.54
"2010-10-18",204295.32
"2010-10-19",269644.67
"2010-10-20",243234.45
"2010-10-21",200194.238
"2010-10-22",138906.02
"2010-10-23",49203.8
"2010-10-24",88862.99
"2010-10-25",154213.65
"2010-10-26",194450
"2010-10-27",231666.64
"2010-10-28",154286.85
"2010-10-29",136452.55
"2010-10-30",93681.81
"2010-10-31",61979.37
"2010-11-01",61627.41
"2010-11-02",65171.14
"2010-11-03",65403.99
"2010-11-04",162239.24
"2010-11-05",56243.791
"2010-11-06",121427.3
"2010-11-07",124630.78
"2010-11-08",455084.71
"2010-11-09",121502.89
"2010-11-10",59232.5
"2010-11-11",59839.1
"2010-11-12",43331.06
"2010-11-13",53430.2
"2010-11-14",36107
"2010-11-15",173010.71
"2010-11-16",478994.38
"2010-11-17",86941.96
"2010-11-18",64061.66
"2010-11-19",63583.911
"2010-11-20",171110.34
"2010-11-21",138363.57
"2010-11-22",37773.97
"2010-11-23",44876.14
"2010-11-24",52383.97
"2010-11-25",56769.8
"2010-11-26",104730.61
"2010-11-27",31891.1
"2010-11-28",33924.38
"2010-11-29",33563.41
"2010-11-30",51951.56
"2010-12-01",84893.23
"2010-12-02",80412.8
"2010-12-03",40131.16
"2010-12-04",62846.948
"2010-12-05",46592.154
"2010-12-06",109183.746
"2010-12-07",69114.753
"2010-12-08",64972.247
"2010-12-09",52106.587
"2010-12-10",40043.89
"2010-12-11",83411.697
"2010-12-12",51986.979
"2010-12-13",145857.129
"2010-12-14",159576.292
"2010-12-15",121157.07
"2010-12-16",94420.288
"2010-12-17",74686.691
"2010-12-18",86309.052
"2010-12-19",112871.801
"2010-12-20",69753.339
"2010-12-21",94510.825
"2010-12-22",122101.312
"2010-12-23",75604.72
"2010-12-24",73279.398
"2010-12-25",106564.977
"2010-12-26",93879.603
"2010-12-27",72783.893
"2010-12-28",81651.991
"2010-12-29",127133.533
"2010-12-30",66672.779
"2010-12-31",66441.893
"2011-01-01",73186.629
"2011-01-02",47462.471
"2011-01-03",64231.718
"2011-01-04",70985.13
"2011-01-05",55566.72
"2011-01-06",42145.097
"2011-01-07",54915.817
"2011-01-08",72498.49
"2011-01-09",46365.632
"2011-01-10",75912.069
"2011-01-11",85878.098
"2011-01-12",105022.808
"2011-01-13",74079.135
"2011-01-14",117634.077
"2011-01-15",99128.746
"2011-01-16",49341.458
"2011-01-17",91444.849
"2011-01-18",77342.278
"2011-01-19",93918.803
"2011-01-20",75968.894
"2011-01-21",60052.794
"2011-01-22",79499.307
"2011-01-23",82264.662
"2011-01-24",71524.42
"2011-01-25",76827.208
"2011-01-26",61868.482
"2011-01-27",907174.35
"2011-01-28",203259.119
"2011-01-29",64724.602
"2011-01-30",290621.729
"2011-01-31",256095.78
"2011-02-01",151647.541
"2011-02-02",157297.492
"2011-02-03",78511.488
"2011-02-04",59511.577
"2011-02-05",79984.525
"2011-02-06",66778.551
"2011-02-07",175102.385
"2011-02-08",73028.918
"2011-02-09",84880.269
"2011-02-10",238910.283
"2011-02-11",266155.717
"2011-02-12",160649.733
"2011-02-13",120512.592
"2011-02-14",112566.04
"2011-02-15",134265.102
"2011-02-16",79208.876
"2011-02-17",98007.543
"2011-02-18",114822.03
"2011-02-19",185159.234
"2011-02-20",211556.62
"2011-02-21",234954.48
"2011-02-22",215033.45
"2011-02-23",524405.133
"2011-02-24",219771.568
"2011-02-25",204983.109
"2011-02-26",187552.791
"2011-02-27",203856.749
"2011-02-28",124226.538
"2011-03-01",996104.824
"2011-03-02",1775312.644
"2011-03-03",951257.813
"2011-03-04",255314.989
"2011-03-05",198745.643
"2011-03-06",199347.465
"2011-03-07",236085.492
"2011-03-08",163024.886
"2011-03-09",243670.886
"2011-03-10",267187.873
"2011-03-11",370094.695
"2011-03-12",150036.54
"2011-03-13",211035.151
"2011-03-14",212568.108
"2011-03-15",128279.008
"2011-03-16",152458.154
"2011-03-17",174677.665
"2011-03-18",174095.308
"2011-03-19",140795.185
"2011-03-20",122537.414
"2011-03-21",164254.451
"2011-03-22",207804.872
"2011-03-23",222690.267
"2011-03-24",260657.815
"2011-03-25",233298.861
"2011-03-26",408306.665
"2011-03-27",171128.366
"2011-03-28",157029.052
"2011-03-29",126173.793
"2011-03-30",116933.288
"2011-03-31",158393.792
"2011-04-01",90372.373
"2011-04-02",87625.226
"2011-04-03",107196.001
"2011-04-04",127820.088
"2011-04-05",151570.137
"2011-04-06",94074.968
"2011-04-07",122171.951
"2011-04-08",131707.385
"2011-04-09",145607.408
"2011-04-10",103251.128
"2011-04-11",85909.93
"2011-04-12",137646.132
"2011-04-13",191554.51
"2011-04-14",126115.712
"2011-04-15",141473.838
"2011-04-16",287525.976
"2011-04-17",1376826.729
"2011-04-18",132199.675
"2011-04-19",2177926.085
"2011-04-20",5272339.948
"2011-04-21",136189.275
"2011-04-22",465318.836
"2011-04-23",136771.929
"2011-04-24",164011.87
"2011-04-25",103284.593
"2011-04-26",146695.908
"2011-04-27",206468.007
"2011-04-28",232588.937
"2011-04-29",771476.075
"2011-04-30",400623.652
"2011-05-01",203700.348
"2011-05-02",131622.775
"2011-05-03",180504.065
"2011-05-04",305517.585
"2011-05-05",159916.092
"2011-05-06",224152.476
"2011-05-07",299762.894
"2011-05-08",338722.111
"2011-05-09",380676.633
"2011-05-10",566091.45
"2011-05-11",185354.499
"2011-05-12",212128.262
"2011-05-13",467029.439
"2011-05-14",1691796.399
"2011-05-15",442071.43
"2011-05-16",207534.754
"2011-05-17",297603.683
"2011-05-18",187535.907
"2011-05-19",166850.211
"2011-05-20",319316.988
"2011-05-21",694878.546
"2011-05-22",902283.639
"2011-05-23",462051.836
"2011-05-24",332288.155
"2011-05-25",407506.826
"2011-05-26",434392.782
"2011-05-27",596236.988
"2011-05-28",235608.589
"2011-05-29",262939.812
"2011-05-30",262665.656
"2011-05-31",295010.675
"2011-06-01",259862.311
"2011-06-02",330587.281
"2011-06-03",600652.184
"2011-06-04",514581.681
"2011-06-05",486337.051
"2011-06-06",834087.583
"2011-06-07",570308.895
"2011-06-08",682341.045
"2011-06-09",791144.466
"2011-06-10",865325.443
"2011-06-11",1390639.189
"2011-06-12",1875945.146
"2011-06-13",1307769.209
"2011-06-14",1555268.183
"2011-06-15",2041254.366
"2011-06-16",9235676.426
"2011-06-17",2938717.202
"2011-06-18",1375764.237
"2011-06-19",1301575.104
"2011-06-20",5015069.734
"2011-06-21",1307009.068
"2011-06-22",3232503.743
"2011-06-23",1682473.312
"2011-06-24",4528661.415
"2011-06-25",6997337.31
"2011-06-26",6549819.135
"2011-06-27",2876425.88
"2011-06-28",4785676.894
"2011-06-29",5122234.927
"2011-06-30",1678315.564
"2011-07-01",1261003.584
"2011-07-02",927541.145
"2011-07-03",475146.28
"2011-07-04",1503044.186
"2011-07-05",339654.716
"2011-07-06",641728.814
"2011-07-07",471109.266
"2011-07-08",351140.058
"2011-07-09",1209556.871
"2011-07-10",3308051.513
"2011-07-11",1007736.374
"2011-07-12",693214.979
"2011-07-13",1210875.08
"2011-07-14",1118040.127
"2011-07-15",2069623.204
"2011-07-16",462605.07
"2011-07-17",1043977.128
"2011-07-18",1191448.452
"2011-07-19",3298360.477
"2011-07-20",2284316.438
"2011-07-21",1472833.918
"2011-07-22",717267.659
"2011-07-23",1131999.892
"2011-07-24",640016.22
"2011-07-25",1478082.668
"2011-07-26",1233720.075
"2011-07-27",1008445.949
"2011-07-28",2869315.945
"2011-07-29",1609180.881
"2011-07-30",374677.143
"2011-07-31",585272.9
"2011-08-01",398551.885
"2011-08-02",541433.951
"2011-08-03",423218.633
"2011-08-04",346382.128
"2011-08-05",443829.868
"2011-08-06",393965.598
"2011-08-07",383287.172
"2011-08-08",775351.591
"2011-08-09",2787550.074
"2011-08-10",952897.318
"2011-08-11",686891.885
"2011-08-12",350528.309
"2011-08-13",326912.933
"2011-08-14",431809.418
"2011-08-15",348419.196
"2011-08-16",337473.259
"2011-08-17",339782.977
"2011-08-18",429956.37
"2011-08-19",564623.056
"2011-08-20",245694.386
"2011-08-21",237932.12
"2011-08-22",294077.746
"2011-08-23",435943.323
"2011-08-24",552500.411
"2011-08-25",394895.949
"2011-08-26",278481.531
"2011-08-27",2731977.811
"2011-08-28",196781.46
"2011-08-29",235746.913
"2011-08-30",243490.765
"2011-08-31",267606.556
"2011-09-01",346068.218
"2011-09-02",243024.952
"2011-09-03",241946.117
"2011-09-04",1672147.942
"2011-09-05",1727494.293
"2011-09-06",3276984.707
"2011-09-07",1079147.894
"2011-09-08",384196.015
"2011-09-09",414417.272
"2011-09-10",313641.363
"2011-09-11",1007931.349
"2011-09-12",633133.724
"2011-09-13",341538.87
"2011-09-14",337226.503
"2011-09-15",248417.394
"2011-09-16",535163.492
"2011-09-17",527059.174
"2011-09-18",300685.942
"2011-09-19",341653.53
"2011-09-20",339001.207
"2011-09-21",414519.752
"2011-09-22",314771.655
"2011-09-23",241895.835
"2011-09-24",337969.88
"2011-09-25",238157.247
"2011-09-26",346174.178
"2011-09-27",370803.647
"2011-09-28",390599.568
"2011-09-29",348551.531
"2011-09-30",282245.873
"2011-10-01",310744.492
"2011-10-02",434779.881
"2011-10-03",389637.531
"2011-10-04",371051.092
"2011-10-05",453881.76
"2011-10-06",429374.467
"2011-10-07",466382.161
"2011-10-08",324504.731
"2011-10-09",312208.711
"2011-10-10",296865.68
"2011-10-11",333200.945
"2011-10-12",339241.229
"2011-10-13",306799.872
"2011-10-14",270082.897
"2011-10-15",402600.002
"2011-10-16",233069.9
"2011-10-17",451457.189
"2011-10-18",406424.715
"2011-10-19",274846.113
"2011-10-20",321171.851
"2011-10-21",446049.832
"2011-10-22",615136.935
"2011-10-23",557222.732
"2011-10-24",417449.301
"2011-10-25",354032.321
"2011-10-26",354289.434
"2011-10-27",616114.909
"2011-10-28",464194.278
"2011-10-29",467306.395
"2011-10-30",217988.154
"2011-10-31",226517.564
"2011-11-01",671779.714
"2011-11-02",403170.847
"2011-11-03",357650.878
"2011-11-04",346464.874
"2011-11-05",368120.792
"2011-11-06",242378.313
"2011-11-07",234510.825
"2011-11-08",864461.936
"2011-11-09",1193440.333
"2011-11-10",389487.38
"2011-11-11",333985.953
"2011-11-12",259102.756
"2011-11-13",275344.2
"2011-11-14",312461.389
"2011-11-15",385370.903
"2011-11-16",1877613.011
"2011-11-17",2858886.197
"2011-11-18",5136996.581
"2011-11-19",4105280.905
"2011-11-20",1958849.413
"2011-11-21",1796249.437
"2011-11-22",3512090.689
"2011-11-23",1556254.492
"2011-11-24",1481015.672
"2011-11-25",676349.732
"2011-11-26",2154058.364
"2011-11-27",1799564.621
"2011-11-28",3976959.62
"2011-11-29",3011316.727
"2011-11-30",5874122.084
"2011-12-01",3247186.586
"2011-12-02",4672086.59
"2011-12-03",4034195.819
"2011-12-04",3364466.296
"2011-12-05",2092723.786
"2011-12-06",7369513.047
"2011-12-07",5591453.634
"2011-12-08",4750151.416
"2011-12-09",2578945.791
"2011-12-10",1146907.377
"2011-12-11",908804.149
"2011-12-12",780887.058
"2011-12-13",415686.93
"2011-12-14",414644.022
"2011-12-15",460923.223
"2011-12-16",434633.624
"2011-12-17",427685.756
"2011-12-18",310832.271
"2011-12-19",456568.67
"2011-12-20",487765.091
"2011-12-21",608602.022
"2011-12-22",497996.019
"2011-12-23",293820.117
"2011-12-24",278028.547
"2011-12-25",316815.854
"2011-12-26",383673.998
"2011-12-27",982261.421
"2011-12-28",326037.959
"2011-12-29",451570.14
"2011-12-30",337122.489
"2011-12-31",288894.529
"2012-01-01",303512.408
"2012-01-02",295186.119
"2012-01-03",244250.938
"2012-01-04",338482.005
"2012-01-05",673601.095
"2012-01-06",622080.994
"2012-01-07",393041.112
"2012-01-08",330587.823
"2012-01-09",442394.952
"2012-01-10",375302.003
"2012-01-11",451444.266
"2012-01-12",311617.956
"2012-01-13",439298.715
"2012-01-14",368949.363
"2012-01-15",279850.692
"2012-01-16",406064.284
"2012-01-17",398498.285
"2012-01-18",448003.802
"2012-01-19",359155.567
"2012-01-20",391788.685
"2012-01-21",307719.919
"2012-01-22",303898.406
"2012-01-23",287869.463
"2012-01-24",321695.28
"2012-01-25",410275.474
"2012-01-26",443244.829
"2012-01-27",388447.881
"2012-01-28",272882.337
"2012-01-29",328587.84
"2012-01-30",340079.48
"2012-01-31",319873.153
"2012-02-01",413291.783
"2012-02-02",426235.607
"2012-02-03",365576.375
"2012-02-04",398931.841
"2012-02-05",347978.208
"2012-02-06",312114.629
"2012-02-07",335635.541
"2012-02-08",302182.065
"2012-02-09",275427.678
"2012-02-10",300669.729
"2012-02-11",364050.08
"2012-02-12",444742.958
"2012-02-13",336255.744
"2012-02-14",1272718.19
"2012-02-15",1218761.589
"2012-02-16",1710441.061
"2012-02-17",1128149.138
"2012-02-18",668757.379
"2012-02-19",471283.486
"2012-02-20",398966.315
"2012-02-21",361327.069
"2012-02-22",628104.853
"2012-02-23",810128.365
"2012-02-24",587906.68
"2012-02-25",523252.138
"2012-02-26",330484.637
"2012-02-27",362452.758
"2012-02-28",386149.324
"2012-02-29",342453.111
"2012-03-01",453115.724
"2012-03-02",731389.396
"2012-03-03",422063.143
"2012-03-04",630240.967
"2012-03-05",437601.315
"2012-03-06",360222.311
"2012-03-07",403618.032
"2012-03-08",413181.356
"2012-03-09",605187.451
"2012-03-10",534069.033
"2012-03-11",352413.026
"2012-03-12",523378.295
"2012-03-13",668177.835
"2012-03-14",460298.91
"2012-03-15",624033.815
"2012-03-16",492599.654
"2012-03-17",506495.497
"2012-03-18",403515.814
"2012-03-19",358260.285
"2012-03-20",496018.04
"2012-03-21",547823.258
"2012-03-22",640130.221
"2012-03-23",931256.275
"2012-03-24",893589.034
"2012-03-25",522493.174
"2012-03-26",423096.024
"2012-03-27",600916.995
"2012-03-28",693995.095
"2012-03-29",1067404.03
"2012-03-30",1093096.442
"2012-03-31",958244.847
"2012-04-01",469525.437
"2012-04-02",810177.589
"2012-04-03",759655.14
"2012-04-04",751035.768
"2012-04-05",1026300.846
"2012-04-06",602873.725
"2012-04-07",407210.866
"2012-04-08",879113.678
"2012-04-09",1580081.103
"2012-04-10",1168453.422
"2012-04-11",1113398.834
"2012-04-12",1625269.808
"2012-04-13",944297.838
"2012-04-14",811725.622
"2012-04-15",1329795.842
"2012-04-16",1516544.526
"2012-04-17",1161251.579
"2012-04-18",1158712.007
"2012-04-19",739373.632
"2012-04-20",2411391.363
"2012-04-21",1486036.532
"2012-04-22",1150690.449
"2012-04-23",774046.06
"2012-04-24",800438.047
"2012-04-25",748268.599
"2012-04-26",2031001.035
"2012-04-27",1334928.651
"2012-04-28",1042504.462
"2012-04-29",970611.948
"2012-04-30",1191280.939
"2012-05-01",995623.201
"2012-05-02",1093624.152
"2012-05-03",1118696.164
"2012-05-04",1168190.544
"2012-05-05",1089067.706
"2012-05-06",942031.341
"2012-05-07",1360550.692
"2012-05-08",4235212.547
"2012-05-09",2567050.111
"2012-05-10",1264003.508
"2012-05-11",1126846.07
"2012-05-12",3086157.901
"2012-05-13",2235581.966
"2012-05-14",2062283.748
"2012-05-15",2979362.456
"2012-05-16",3967466.929
"2012-05-17",3303219.434
"2012-05-18",2258449.065
"2012-05-19",1338498.238
"2012-05-20",1038377.366
"2012-05-21",3722513.265
"2012-05-22",4585990.256
"2012-05-23",2395544.217
"2012-05-24",1187257.425
"2012-05-25",1416401.316
"2012-05-26",5219577.842
"2012-05-27",2082024.364
"2012-05-28",2433082.741
"2012-05-29",3153174.673
"2012-05-30",1873294.866
"2012-05-31",4812129.309
"2012-06-01",3223156.245
"2012-06-02",2387134.36
"2012-06-03",1609492.547
"2012-06-04",3521172.509
"2012-06-05",5317556.456
"2012-06-06",2751676.412
"2012-06-07",4158245.014
"2012-06-08",6042248.698
"2012-06-09",1867311.942
"2012-06-10",1644528.245
"2012-06-11",4066159.985
"2012-06-12",2787261.324
"2012-06-13",1760143.067
"2012-06-14",5229504.533
"2012-06-15",3656680.349
"2012-06-16",4351600.724
"2012-06-17",1159009.953
"2012-06-18",2575358.106
"2012-06-19",2217216.37
"2012-06-20",1737453.295
"2012-06-21",1186755.333
"2012-06-22",1584455.898
"2012-06-23",3282570.077
"2012-06-24",2180761.314
"2012-06-25",1843260.419
"2012-06-26",1782749.753
"2012-06-27",1327378.717
"2012-06-28",3571435.206
"2012-06-29",2843499.263
"2012-06-30",1659773.182
"2012-07-01",1287322.111
"2012-07-02",1167866.969
"2012-07-03",1227878.767
"2012-07-04",2384064.436
"2012-07-05",1819963.939
"2012-07-06",1621179.083
"2012-07-07",4379832.144
"2012-07-08",623122.949
"2012-07-09",1893125.877
"2012-07-10",2373200.403
"2012-07-11",1249365.534
"2012-07-12",1310703.542
"2012-07-13",2448766.95
"2012-07-14",2369172.76
"2012-07-15",1672124.099
"2012-07-16",1695175.106
"2012-07-17",2666970.477
"2012-07-18",1740583.536
"2012-07-19",1295478.216
"2012-07-20",1421994.546
"2012-07-21",2234606.509
"2012-07-22",2017199.616
"2012-07-23",1883207.373
"2012-07-24",2038593.744
"2012-07-25",1181372.189
"2012-07-26",1759046.67
"2012-07-27",2542177.227
"2012-07-28",1721419.873
"2012-07-29",1270281.866
"2012-07-30",948209.355
"2012-07-31",2129740.04
"2012-08-01",2785336.89
"2012-08-02",1964547.298
"2012-08-03",1674221.833
"2012-08-04",1149479.488
"2012-08-05",2028384.346
"2012-08-06",1875108.811
"2012-08-07",1940221.755
"2012-08-08",1765841.135
"2012-08-09",1601461.745
"2012-08-10",1174688.424
"2012-08-11",1920172.472
"2012-08-12",1621721.944
"2012-08-13",1784521.536
"2012-08-14",1715320.342
"2012-08-15",1863928.721
"2012-08-16",1664499.548
"2012-08-17",2729697.58
"2012-08-18",2627510.82
"2012-08-19",3349445.756
"2012-08-20",9622289.3
"2012-08-21",6768934.301
"2012-08-22",5845207.913
"2012-08-23",8073544.018
"2012-08-24",7957035.361
"2012-08-25",9640536.112
"2012-08-26",3147442.026
"2012-08-27",3271317.782
"2012-08-28",8618370.671
"2012-08-29",12858493.643
"2012-08-30",13468328.554
"2012-08-31",6726903.675
"2012-09-01",11028471.468
"2012-09-02",6853914.887
"2012-09-03",4085171.785
"2012-09-04",6181981.318
"2012-09-05",8813231.517
"2012-09-06",16235603.508
"2012-09-07",20505513.352
"2012-09-08",11470487.222
"2012-09-09",4639990.618
"2012-09-10",12681255.039
"2012-09-11",23357681.841
"2012-09-12",7673581.175
"2012-09-13",24861234.925
"2012-09-14",18210399.122
"2012-09-15",9750031.706
"2012-09-16",11469649.952
"2012-09-17",13502363.623
"2012-09-18",12215553.701
"2012-09-19",26708894.665
"2012-09-20",19151623.134
"2012-09-21",8815674.084
"2012-09-22",33955701.468
"2012-09-23",10006137.697
"2012-09-24",8220431.728
"2012-09-25",2934062.341
"2012-09-26",1747872.327
"2012-09-27",1377324.528
"2012-09-28",2301007.674
"2012-09-29",1426952.879
"2012-09-30",1701101.393
"2012-10-01",1327585.717
"2012-10-02",2197482.526
"2012-10-03",1393561.63
"2012-10-04",1201539.476
"2012-10-05",2283634.905
"2012-10-06",2108275.873
"2012-10-07",1712849.004
"2012-10-08",1904907.84
"2012-10-09",1455360.202
"2012-10-10",1037860.322
"2012-10-11",1036064.965
"2012-10-12",2408018.727
"2012-10-13",2263100.715
"2012-10-14",2175251.887
"2012-10-15",932927.17
"2012-10-16",2153088.566
"2012-10-17",3128474.951
"2012-10-18",3397667.679
"2012-10-19",3198174.88
"2012-10-20",2628427.1
"2012-10-21",2417572.502
"2012-10-22",2035350.583
"2012-10-23",2554099.321
"2012-10-24",2318810.487
"2012-10-25",1546384.98
"2012-10-26",929136.851
"2012-10-27",1634453.613
"2012-10-28",1123144.916
"2012-10-29",1050571.592
"2012-10-30",1502588.044
"2012-10-31",6152986.359
"2012-11-01",2890562.393
"2012-11-02",959473.781
"2012-11-03",1583479.705
"2012-11-04",1878369.613
"2012-11-05",2691305.941
"2012-11-06",1785267.506
"2012-11-07",2038626.866
"2012-11-08",1465964.211
"2012-11-09",995659.285
"2012-11-10",481900.278
"2012-11-11",375713.675
"2012-11-12",545937.839
"2012-11-13",496141.068
"2012-11-14",1253459.552
"2012-11-15",2726951.542
"2012-11-16",3104026.869
"2012-11-17",3247990.843
"2012-11-18",2130380.056
"2012-11-19",1448137.128
"2012-11-20",1593483.956
"2012-11-21",1068059.971
"2012-11-22",1217516.937
"2012-11-23",1267259.82
"2012-11-24",1143992.612
"2012-11-25",895674.011
"2012-11-26",1074930.33
"2012-11-27",1282833.442
"2012-11-28",1892894.257
"2012-11-29",1387531.545
"2012-11-30",871782.266
"2012-12-01",606808.391
"2012-12-02",631736.582
"2012-12-03",1922115.722
"2012-12-04",2186081.698
"2012-12-05",2965970.432
"2012-12-06",3060984.558
"2012-12-07",2560250.21
"2012-12-08",1004848.061
"2012-12-09",874186.477
"2012-12-10",1504578.161
"2012-12-11",1564854.133
"2012-12-12",3267489.012
"2012-12-13",3435404.336
"2012-12-14",3494315.456
"2012-12-15",1776620.592
"2012-12-16",1672238.068
"2012-12-17",1899292.231
"2012-12-18",2370518.372
"2012-12-19",1257458.531
"2012-12-20",940555.609
"2012-12-21",1599689.198
"2012-12-22",1513456.938
"2012-12-23",924770.427
"2012-12-24",1001040.022
"2012-12-25",719758.576
"2012-12-26",507380.126
"2012-12-27",824369.122
"2012-12-28",1042278.614
"2012-12-29",1082114.463
"2012-12-30",763956.55
"2012-12-31",1167821.549
"2013-01-01",1526842.034
"2013-01-02",1942580.394
"2013-01-03",1638132.312
"2013-01-04",2368655.154
"2013-01-05",2270235.331
"2013-01-06",1053569.599
"2013-01-07",1302255.4
"2013-01-08",2088660.789
"2013-01-09",1849614.702
"2013-01-10",1391896.029
"2013-01-11",1436539.471
"2013-01-12",1014169.554
"2013-01-13",936443.161
"2013-01-14",868829.074
"2013-01-15",1895510.479
"2013-01-16",2368253.173
"2013-01-17",1902268.458
"2013-01-18",1579630.056
"2013-01-19",1747204.614
"2013-01-20",1163691.83
"2013-01-21",1125356.295
"2013-01-22",1388005.275
"2013-01-23",2199431.045
"2013-01-24",1697409.199
"2013-01-25",1850305.298
"2013-01-26",1390765.768
"2013-01-27",1225546.146
"2013-01-28",1664814.38
"2013-01-29",2197913.609
"2013-01-30",2223436.633
"2013-01-31",2389465.516
"2013-02-01",1815712.841
"2013-02-02",1401641.502
"2013-02-03",1430890.763
"2013-02-04",1808986.763
"2013-02-05",2019250.363
"2013-02-06",1924319.453
"2013-02-07",1741181.152
"2013-02-08",2048030.687
"2013-02-09",1876122.146
"2013-02-10",1492597.605
"2013-02-11",1371392.959
"2013-02-12",1271739.572
"2013-02-13",1270390.863
"2013-02-14",1284821.739
"2013-02-15",1569728.285
"2013-02-16",1236901.977
"2013-02-17",1025415.926
"2013-02-18",1349064.956
"2013-02-19",1309651.245
"2013-02-20",1297382.488
"2013-02-21",1107815.609
"2013-02-22",1477965.614
"2013-02-23",1352726.486
"2013-02-24",1587736.628
"2013-02-25",1901371.972
"2013-02-26",1573298.696
"2013-02-27",1642449.476
"2013-02-28",1331847.075
"2013-03-01",1621906.509
"2013-03-02",1676548.779
"2013-03-03",1033499.41
"2013-03-04",938719.59
"2013-03-05",1851112.582
"2013-03-06",2208007.593
"2013-03-07",1653013.754
"2013-03-08",1504043.042
"2013-03-09",874958.378
"2013-03-10",1273495.259
"2013-03-11",1090979.462
"2013-03-12",1280750.739
"2013-03-13",1598992.55
"2013-03-14",1278859.217
"2013-03-15",4072067.006
"2013-03-16",3481094.35
"2013-03-17",990629.708
"2013-03-18",1640629.404
"2013-03-19",3904974.877
"2013-03-20",1907336.63
"2013-03-21",1692764.318
"2013-03-22",1872881.849
"2013-03-23",1496233.098
"2013-03-24",1082056.08
"2013-03-25",1428160.792
"2013-03-26",1381606.593
"2013-03-27",3055075.436
"2013-03-28",1882944.373
"2013-03-29",1552824.38
"2013-03-30",1765378.993
"2013-03-31",1559233.902
"2013-04-01",1340646.518
"2013-04-02",2511772.575
"2013-04-03",2426363.037
"2013-04-04",2285305.003
"2013-04-05",2277775.258
"2013-04-06",1383020.598
"2013-04-07",1094580.441
"2013-04-08",1371481.27
"2013-04-09",1918801.683
"2013-04-10",2294955.683
"2013-04-11",2929384.84
"2013-04-12",2005155.974
"2013-04-13",1511454.667
"2013-04-14",812695.555
"2013-04-15",871408.532
"2013-04-16",1795688.63
"2013-04-17",1364790.98
"2013-04-18",6165997.457
"2013-04-19",2035030.29
"2013-04-20",1073892.028
"2013-04-21",1013491.404
"2013-04-22",1532386.051
"2013-04-23",1578962.347
"2013-04-24",2091426.705
"2013-04-25",1745107.969
"2013-04-26",1223971.538
"2013-04-27",893994.839
"2013-04-28",617354.608
"2013-04-29",897729.202
"2013-04-30",1785923.389
"2013-05-01",1233492.059
"2013-05-02",1127675.268
"2013-05-03",912306.813
"2013-05-04",552714.557
"2013-05-05",613475.063
"2013-05-06",794309.096
"2013-05-07",1023330.961
"2013-05-08",806731.721
"2013-05-09",693721.255
"2013-05-10",914238.402
"2013-05-11",706784.944
"2013-05-12",613817.457
"2013-05-13",995953.37
"2013-05-14",778189.972
"2013-05-15",825250.573
"2013-05-16",708868.278
"2013-05-17",751659.736
"2013-05-18",890106.52
"2013-05-19",465511.573
"2013-05-20",469681.09
"2013-05-21",669674.338
"2013-05-22",761102.618
"2013-05-23",669637.356
"2013-05-24",733232.761
"2013-05-25",865063.361
"2013-05-26",391310.154
"2013-05-27",504337.019
"2013-05-28",790756.391
"2013-05-29",771923.008
"2013-05-30",630011.589
"2013-05-31",738730.719
"2013-06-01",499558.633
"2013-06-02",437429.08
"2013-06-03",643729.255
"2013-06-04",730847.337
"2013-06-05",674394.727
"2013-06-06",762431.292
"2013-06-07",716027.769
"2013-06-08",428601.405
"2013-06-09",642064.629
"2013-06-10",491518.551
"2013-06-11",569521.548
"2013-06-12",600093.884
"2013-06-13",533607.002
"2013-06-14",741296.842
"2013-06-15",509157.725
"2013-06-16",458689.591
"2013-06-17",557268.802
"2013-06-18",600799.738
"2013-06-19",639946.243
"2013-06-20",664640.982
"2013-06-21",808002.23
"2013-06-22",453784.513
"2013-06-23",363194.718
"2013-06-24",519400.881
"2013-06-25",729778.864
"2013-06-26",647186.411
"2013-06-27",595242.991
"2013-06-28",582637.005
"2013-06-29",599896.387
"2013-06-30",421917.863
"2013-07-01",702652.263
"2013-07-02",858590.72
"2013-07-03",744097.362
"2013-07-04",887100.576
"2013-07-05",964524.839
"2013-07-06",845854.811
"2013-07-07",670229.728
"2013-07-08",684014.095
"2013-07-09",1087300.053
"2013-07-10",1218489.976
"2013-07-11",956221.102
"2013-07-12",1134412.888
"2013-07-13",881201.159
"2013-07-14",694343.801
"2013-07-15",605676.646
"2013-07-16",906868.496
"2013-07-17",1104177.144
"2013-07-18",965209.821
"2013-07-19",872196.437
"2013-07-20",567387.924
"2013-07-21",505908.067
"2013-07-22",866111.173
"2013-07-23",1029842.148
"2013-07-24",844442.525
"2013-07-25",777831.893
"2013-07-26",869402.177
"2013-07-27",533718.336
"2013-07-28",475543.787
"2013-07-29",801401.499
"2013-07-30",881026.573
"2013-07-31",1031238.996
"2013-08-01",1103374.378
"2013-08-02",906937.488
"2013-08-03",738992.074
"2013-08-04",501888.052
"2013-08-05",795629.125
"2013-08-06",749616.266
"2013-08-07",805001.561
"2013-08-08",785257.109
"2013-08-09",640799.004
"2013-08-10",517153.943
"2013-08-11",432494.39
"2013-08-12",731015.442
"2013-08-13",1196357.334
"2013-08-14",1405350.267
"2013-08-15",923708.575
"2013-08-16",1099833.809
"2013-08-17",983013.862
"2013-08-18",831928.947
"2013-08-19",1086202.696
"2013-08-20",955506.834
"2013-08-21",1186924.102
"2013-08-22",890014.517
"2013-08-23",828835.101
"2013-08-24",622248.642
"2013-08-25",565019.388
"2013-08-26",642473.937
"2013-08-27",895651.783
"2013-08-28",817469.698
"2013-08-29",2687667.893
"2013-08-30",727229.976
"2013-08-31",753757.548
"2013-09-01",1064159.23
"2013-09-02",748660.793
"2013-09-03",894041.011
"2013-09-04",895742.785
"2013-09-05",858463.128
"2013-09-06",838119.748
"2013-09-07",667774.784
"2013-09-08",409117.852
"2013-09-09",527143.176
"2013-09-10",1092297.075
"2013-09-11",806718.318
"2013-09-12",663689.95
"2013-09-13",734589.31
"2013-09-14",606148.193
"2013-09-15",410950.214
"2013-09-16",585717.368
"2013-09-17",672793.433
"2013-09-18",788617.13
"2013-09-19",785082.704
"2013-09-20",793416.423
"2013-09-21",522574.765
"2013-09-22",458740.471
"2013-09-23",783517.999
"2013-09-24",1095771.974
"2013-09-25",842440.859
"2013-09-26",717166.137
"2013-09-27",718883.773
"2013-09-28",592862.757
"2013-09-29",560375.158
"2013-09-30",691501.317
"2013-10-01",1039752.258
"2013-10-02",1095329.729
"2013-10-03",1108953.948
"2013-10-04",829560.592
"2013-10-05",550816.632
"2013-10-06",410691.015
"2013-10-07",595294.066
"2013-10-08",707716.713
"2013-10-09",862761.02
"2013-10-10",824938.138
"2013-10-11",870771.618
"2013-10-12",715254.466
"2013-10-13",637885.78
"2013-10-14",963077.955
"2013-10-15",822209.766
"2013-10-16",1024516.321
"2013-10-17",912009.374
"2013-10-18",880504.604
"2013-10-19",1066912.825
"2013-10-20",691056.482
"2013-10-21",979061.385
"2013-10-22",1235490.634
"2013-10-23",1096234.374
"2013-10-24",1068753.626
"2013-10-25",2883479.398
"2013-10-26",702233.659
"2013-10-27",505512.469
"2013-10-28",613494.073
"2013-10-29",1671663.71
"2013-10-30",712930.226
"2013-10-31",695676.657
"2013-11-01",686117.533
"2013-11-02",686361.06
"2013-11-03",538328.016
"2013-11-04",793106.557
"2013-11-05",1218397.71
"2013-11-06",945894.592
"2013-11-07",1071612.897
"2013-11-08",1144910.921
"2013-11-09",1024303.739
"2013-11-10",771057.032
"2013-11-11",723078.159
"2013-11-12",1022112.687
"2013-11-13",1201973.744
"2013-11-14",1263986.952
"2013-11-15",2139315.185
"2013-11-16",1922099.308
"2013-11-17",1032920.081
"2013-11-18",1868810.008
"2013-11-19",2532380.22
"2013-11-20",1605499.29
"2013-11-21",2028461.556
"2013-11-22",2680025.273
"2013-11-23",1528167.612
"2013-11-24",1415956.724
"2013-11-25",1453068.816
"2013-11-26",3518557.604
"2013-11-27",3576079.926
"2013-11-28",3492155.695
"2013-11-29",2819146.404
"2013-11-30",1908515.759
"2013-12-01",1459358.22
"2013-12-02",1408867.796
"2013-12-03",1224061.223
"2013-12-04",1393612.33
"2013-12-05",1464895.121
"2013-12-06",1218717.233
"2013-12-07",2246474.26
"2013-12-08",1409374.732
"2013-12-09",1241954.374
"2013-12-10",883234.451
"2013-12-11",1116560.57
"2013-12-12",800870.197
"2013-12-13",1015077.8
"2013-12-14",685149.223
"2013-12-15",479877.272
"2013-12-16",1464660.948
"2013-12-17",2043815.893
"2013-12-18",2028260.308
"2013-12-19",1314311.995
"2013-12-20",1090953.043
"2013-12-21",1054795.099
"2013-12-22",754702.354
"2013-12-23",801056.18
"2013-12-24",752936.872
"2013-12-25",1097540.476
"2013-12-26",553891.02
"2013-12-27",566821.573
"2013-12-28",714279.89
"2013-12-29",744045.318
"2013-12-30",811163.127
"2013-12-31",640497.388
"2014-01-01",525007.902
"2014-01-02",590706.948
"2014-01-03",963612.878
"2014-01-04",609284.448
"2014-01-05",847976.263
"2014-01-06",881121.209
"2014-01-07",866610.191
"2014-01-08",1089862.958
"2014-01-09",594481.55
"2014-01-10",613242.717
"2014-01-11",438326.067
"2014-01-12",383751.229
"2014-01-13",506489.697
"2014-01-14",646592.808
"2014-01-15",717169.648
"2014-01-16",599816.189
"2014-01-17",464566.521
"2014-01-18",358330.77
"2014-01-19",509881.872
"2014-01-20",802067.752
"2014-01-21",615535.645
"2014-01-22",494014.615
"2014-01-23",550964.54
"2014-01-24",693140.309
"2014-01-25",534461.289
"2014-01-26",349814.525
"2014-01-27",789929.914
"2014-01-28",752428.662
"2014-01-29",482434.93
"2014-01-30",545337.944
"2014-01-31",455912.567
"2014-02-01",447692.954
"2014-02-02",455281.812
"2014-02-03",528609.74
"2014-02-04",678275.46
"2014-02-05",653404.23
"2014-02-06",853640.946
"2014-02-07",848509.676
"2014-02-08",602439.984
"2014-02-09",549603.562
"2014-02-10",640746.23
"2014-02-11",760757.13
"2014-02-12",655177.75
"2014-02-13",601867.433
"2014-02-14",788230.069
"2014-02-15",963549.391
"2014-02-16",535099.119
"2014-02-17",646105.514
"2014-02-18",505763.654
"2014-02-19",457454.041
"2014-02-20",494954.941
"2014-02-21",614005.679
"2014-02-22",376956.445
"2014-02-23",403304.455
"2014-02-24",753715.243
"2014-02-25",1064788.543
"2014-02-26",686983.725
"2014-02-27",621739.937
"2014-02-28",601985.119
"2014-03-01",782306.575
"2014-03-02",539949.015
"2014-03-03",972398.614
"2014-03-04",1100369.102
"2014-03-05",695394.899
"2014-03-06",672160.806
"2014-03-07",2335941.884
"2014-03-08",1754719.956
"2014-03-09",626975.06
"2014-03-10",1634554.232
"2014-03-11",1148465.115
"2014-03-12",1002730.268
"2014-03-13",814550.588
"2014-03-14",689820.957
"2014-03-15",506583.72
"2014-03-16",462623.861
"2014-03-17",517959.636
"2014-03-18",2075230.608
"2014-03-19",1602006.393
"2014-03-20",775632.172
"2014-03-21",619998.798
"2014-03-22",458635.537
"2014-03-23",313956.403
"2014-03-24",638123.376
"2014-03-25",585139.692
"2014-03-26",501214.933
"2014-03-27",756564.796
"2014-03-28",806230.249
"2014-03-29",509121.74
"2014-03-30",551880.315
"2014-03-31",729762.054
"2014-04-01",703152.603
"2014-04-02",712975.981
"2014-04-03",842061.803
"2014-04-04",663996.414
"2014-04-05",753433.734
"2014-04-06",450531.729
"2014-04-07",445138.849
"2014-04-08",511123.316
"2014-04-09",485103.878
"2014-04-10",851803.105
"2014-04-11",827736.815
"2014-04-12",455422.91
"2014-04-13",377624.968
"2014-04-14",576197.244
"2014-04-15",680667.753
"2014-04-16",828585.864
"2014-04-17",815861.179
"2014-04-18",671188.436
"2014-04-19",581524.682
"2014-04-20",404073.962
"2014-04-21",704751.174
"2014-04-22",767457.153
"2014-04-23",722510.506
"2014-04-24",559681.808
"2014-04-25",550861.729
"2014-04-26",407118.297
"2014-04-27",278902.366
"2014-04-28",482175.411
"2014-04-29",566494.922
"2014-04-30",548190.838
"2014-05-01",471807.903
"2014-05-02",498876.557
"2014-05-03",658967.992
"2014-05-04",454251.727
"2014-05-05",575576.643
"2014-05-06",661019.797
"2014-05-07",799617.093
"2014-05-08",1310228.932
"2014-05-09",1352519.578
"2014-05-10",730814.54
"2014-05-11",481606.52
"2014-05-12",535630.484
"2014-05-13",708545.996
"2014-05-14",634329.026
"2014-05-15",790157.093
"2014-05-16",767480.929
"2014-05-17",484797.373
"2014-05-18",324600.827
"2014-05-19",478218.721
"2014-05-20",1283778.261
"2014-05-21",880729.11
"2014-05-22",802081.58
"2014-05-23",1246459.492
"2014-05-24",973175.147
"2014-05-25",808996.966
"2014-05-26",716702.795
"2014-05-27",889789.71
"2014-05-28",932703.75
"2014-05-29",700606.523
"2014-05-30",920847.434
"2014-05-31",602173.781
"2014-06-01",709780.792
"2014-06-02",711248.761
"2014-06-03",1139172.3
"2014-06-04",924375.504
"2014-06-05",1002352.43
"2014-06-06",1178339.323
"2014-06-07",577982.862
"2014-06-08",815990.029
"2014-06-09",341221.735
"2014-06-10",614894.552
"2014-06-11",546126.052
"2014-06-12",686936.353
"2014-06-13",1167896.172
"2014-06-14",472211.461
"2014-06-15",448374.429
"2014-06-16",723679.883
"2014-06-17",460801.322
"2014-06-18",573046.443
"2014-06-19",650150.795
"2014-06-20",609970.364
"2014-06-21",503587.728
"2014-06-22",520673.987
"2014-06-23",493645.538
"2014-06-24",974332.675
"2014-06-25",525512.107
"2014-06-26",523609.745
"2014-06-27",465624.735
"2014-06-28",386544.91
"2014-06-29",336897.026
"2014-06-30",586067.115
"2014-07-01",922663.248
"2014-07-02",953854.066
"2014-07-03",646583.721
"2014-07-04",425600.318
"2014-07-05",402775.097
"2014-07-06",392600.46
"2014-07-07",427135.813
"2014-07-08",400562.567
"2014-07-09",462661.141
"2014-07-10",509362.754
"2014-07-11",439592.253
"2014-07-12",457155.405
"2014-07-13",503290.925
"2014-07-14",448907.651
"2014-07-15",597198.165
"2014-07-16",567687.777
"2014-07-17",473771.878
"2014-07-18",552675.728
"2014-07-19",348919.263
"2014-07-20",261004.708
"2014-07-21",419218.177
"2014-07-22",409845.88
"2014-07-23",411686.294
"2014-07-24",518394.674
"2014-07-25",504563.973
"2014-07-26",349792.161
"2014-07-27",245926.746
"2014-07-28",443294.083
"2014-07-29",542927.255
"2014-07-30",401968.065
"2014-07-31",442521.556
"2014-08-01",467637.699
"2014-08-02",371023.995
"2014-08-03",444379.291
"2014-08-04",399294.104
"2014-08-05",529514.942
"2014-08-06",560463.963
"2014-08-07",452393.109
"2014-08-08",297685.622
"2014-08-09",420310.582
"2014-08-10",341775.029
"2014-08-11",495304.617
"2014-08-12",764214.678
"2014-08-13",717606.614
"2014-08-14",700727.31
"2014-08-15",796925.765
"2014-08-16",689805.106
"2014-08-17",493900.281
"2014-08-18",978813.38
"2014-08-19",655716.688
"2014-08-20",575101.377
"2014-08-21",613696.605
"2014-08-22",3355242.274
"2014-08-23",667276.922
"2014-08-24",483183.159
"2014-08-25",837227.985
"2014-08-26",1849501.097
"2014-08-27",1473447.111
"2014-08-28",729893.911
"2014-08-29",527726.826
"2014-08-30",643988.266
"2014-08-31",545659.858
"2014-09-01",687875.755
"2014-09-02",574246.066
"2014-09-03",512676.888
"2014-09-04",443030.792
"2014-09-05",446975.74
"2014-09-06",391892.955
"2014-09-07",320158.103
"2014-09-08",519189.741
"2014-09-09",488189.952
"2014-09-10",506624.707
"2014-09-11",466172.26
"2014-09-12",454009.528
"2014-09-13",358930.194
"2014-09-14",332978.298
"2014-09-15",462681.122
"2014-09-16",437451.48
"2014-09-17",462824.868
"2014-09-18",652489.244
"2014-09-19",741891.735
"2014-09-20",720476.682
"2014-09-21",875032.106
"2014-09-22",507462.729
"2014-09-23",738732.141
"2014-09-24",957227.819
"2014-09-25",686077.582
"2014-09-26",596150.468
"2014-09-27",532351.156
"2014-09-28",453805.818
"2014-09-29",654029.329
"2014-09-30",631639.835
"2014-10-01",731277.106
"2014-10-02",624053.19
"2014-10-03",646978.005
"2014-10-04",701363.388
"2014-10-05",832748.7
"2014-10-06",1220734.779
"2014-10-07",877334.115
"2014-10-08",767509.055
"2014-10-09",1095727.483
"2014-10-10",919976.99
"2014-10-11",700669.808
"2014-10-12",462113.009
"2014-10-13",763961.063
"2014-10-14",901154.579
"2014-10-15",1182079.054
"2014-10-16",1054418.564
"2014-10-17",941743.99
"2014-10-18",623439.827
"2014-10-19",469915.197
"2014-10-20",779840.441
"2014-10-21",597224.094
"2014-10-22",856126.742
"2014-10-23",1056703.001
"2014-10-24",729895.512
"2014-10-25",967324.382
"2014-10-26",869465.612
"2014-10-27",1047668.332
"2014-10-28",831304.765
"2014-10-29",785066.401
"2014-10-30",713144.345
"2014-10-31",1213778.66
"2014-11-01",827309.289
"2014-11-02",559357.271
"2014-11-03",1042661.312
"2014-11-04",923157.213
"2014-11-05",1152156.045
"2014-11-06",748729.864
"2014-11-07",878920.594
"2014-11-08",610662.429
"2014-11-09",527379.887
"2014-11-10",892187.114
"2014-11-11",696341.699
"2014-11-12",987906.622
"2014-11-13",1238485.92
"2014-11-14",1507331.412
"2014-11-15",818788.582
"2014-11-16",696352.429
"2014-11-17",810899.075
"2014-11-18",1003526.484
"2014-11-19",932714.638
"2014-11-20",1049769.09
"2014-11-21",1154314.516
"2014-11-22",1010860.917
"2014-11-23",630481.049
"2014-11-24",684551.847
"2014-11-25",971907.563
"2014-11-26",1104521.734
"2014-11-27",1029359.486
"2014-11-28",1213410.976
"2014-11-29",1033732.094
"2014-11-30",990440.121
"2014-12-01",1309082.45
"2014-12-02",1337249.838
"2014-12-03",1219368.151
"2014-12-04",993707.546
"2014-12-05",1282269.548
"2014-12-06",680509.661
"2014-12-07",804717.078
"2014-12-08",1393038.481
"2014-12-09",1356402.3
"2014-12-10",1349030.263
"2014-12-11",826047.189
"2014-12-12",748838.747
"2014-12-13",936868.679
"2014-12-14",602573.156
"2014-12-15",838145.725
"2014-12-16",987898.298
"2014-12-17",1013157.429
"2014-12-18",1297165.975
"2014-12-19",883379.821
"2014-12-20",755847.599
"2014-12-21",597130.43
"2014-12-22",1311029.418
"2014-12-23",1095934.414
"2014-12-24",1028991.521
"2014-12-25",901768.47
"2014-12-26",635722.56
"2014-12-27",711498.405
"2014-12-28",698406.146
"2014-12-29",693097.273
"2014-12-30",1118283.639
"2014-12-31",989198.004
"2015-01-01",489722.073
"2015-01-02",695649.948
"2015-01-03",774531.68
"2015-01-04",1193920.561
"2015-01-05",1083677.283
"2015-01-06",1113410.373
"2015-01-07",1286463.671
"2015-01-08",1220111.037
"2015-01-09",1272129.628
"2015-01-10",1161365.529
"2015-01-11",1288684.759
"2015-01-12",1006862.227
"2015-01-13",1638176.188
"2015-01-14",2363588.937
"2015-01-15",2644489.468
"2015-01-16",1973818.741
"2015-01-17",1295133.394
"2015-01-18",987549.526
"2015-01-19",961837.517
"2015-01-20",1340464
"2015-01-21",1331879.333
"2015-01-22",1361930.617
"2015-01-23",1062942.253
"2015-01-24",1201496.78
"2015-01-25",960414.822
"2015-01-26",1985592.629
"2015-01-27",1238580.794
"2015-01-28",928260.256
"2015-01-29",960905.218
"2015-01-30",928813.677
"2015-01-31",771780.318
"2015-02-01",825510.154
"2015-02-02",934329.696
"2015-02-03",1169774.191
"2015-02-04",1254353.855
"2015-02-05",1271930.421
"2015-02-06",1017057.813
"2015-02-07",698170.29
"2015-02-08",640910.27
"2015-02-09",813074.017
"2015-02-10",820608.788
"2015-02-11",868785.527
"2015-02-12",819424.175
"2015-02-13",1009747.505
"2015-02-14",743325.924
"2015-02-15",734014.84
"2015-02-16",735253.322
"2015-02-17",769047.253
"2015-02-18",814178.368
"2015-02-19",703399.909
"2015-02-20",723775.887
"2015-02-21",765685.842
"2015-02-22",480914.145
"2015-02-23",718922.651
"2015-02-24",830578.411
"2015-02-25",793938.982
"2015-02-26",783337.058
"2015-02-27",1875028.085
"2015-02-28",711898.997
"2015-03-01",915290.39
"2015-03-02",2057569.867
"2015-03-03",1209244.95
"2015-03-04",927352.902
"2015-03-05",1005916.168
"2015-03-06",940738.476
"2015-03-07",982317.327
"2015-03-08",2518102.636
"2015-03-09",869353.142
"2015-03-10",1209163.672
"2015-03-11",964364.132
"2015-03-12",1105245.833
"2015-03-13",936006.721
"2015-03-14",845760.367
"2015-03-15",567261.992
"2015-03-16",845772.829
"2015-03-17",879535.339
"2015-03-18",1313065.331
"2015-03-19",1264777.941
"2015-03-20",898988.249
"2015-03-21",671989.201
"2015-03-22",500187.762
"2015-03-23",777604.435
"2015-03-24",995369.888
"2015-03-25",1048542.223
"2015-03-26",970255.895
"2015-03-27",1081116.668
"2015-03-28",699832.037
"2015-03-29",542197.767
"2015-03-30",809237.493
"2015-03-31",780481.876
"2015-04-01",1065013.433
"2015-04-02",919886.27
"2015-04-03",710039.264
"2015-04-04",534385.212
"2015-04-05",464142.976
"2015-04-06",630939.02
"2015-04-07",825264.712
"2015-04-08",920414.833
"2015-04-09",869233.747
"2015-04-10",938294.358
"2015-04-11",775358.464
"2015-04-12",518158.275
"2015-04-13",736302.888
"2015-04-14",1094007.709
"2015-04-15",796458.568
"2015-04-16",1092751.348
"2015-04-17",1160090.329
"2015-04-18",888595.045
"2015-04-19",824017.018
"2015-04-20",1314222.74
"2015-04-21",1167048.984
"2015-04-22",1492167.795
"2015-04-23",1043100.654
"2015-04-24",1300018.225
"2015-04-25",1061784.872
"2015-04-26",986913.304
"2015-04-27",1387033.685
"2015-04-28",1282095.821
"2015-04-29",1302466.315
"2015-04-30",1220912.967
"2015-05-01",1211402.252
"2015-05-02",938951.081
"2015-05-03",814631.001
"2015-05-04",1115767.987
"2015-05-05",1185724.429
"2015-05-06",1163293.865
"2015-05-07",1369922.518
"2015-05-08",1125450.448
"2015-05-09",912949.881
"2015-05-10",995251.993
"2015-05-11",1075275.174
"2015-05-12",1161665.751
"2015-05-13",1071140.424
"2015-05-14",1047459.529
"2015-05-15",1014614.791
"2015-05-16",744402.193
"2015-05-17",686643.867
"2015-05-18",827210.096
"2015-05-19",1143305.566
"2015-05-20",1191754.86
"2015-05-21",957204.681
"2015-05-22",1165755.117
"2015-05-23",1144605.368
"2015-05-24",702062.28
"2015-05-25",886365.21
"2015-05-26",1039896.703
"2015-05-27",1119412
"2015-05-28",1049285.993
"2015-05-29",1125299.618
"2015-05-30",928260.478
"2015-05-31",782197.708
"2015-06-01",1473819.952
"2015-06-02",1517326.809
"2015-06-03",1325341.044
"2015-06-04",1277219.058
"2015-06-05",1443588.412
"2015-06-06",1086475.725
"2015-06-07",1064474.916
"2015-06-08",1001943.988
"2015-06-09",1244998.717
"2015-06-10",1303509.802
"2015-06-11",1392935.776
"2015-06-12",1324268.321
"2015-06-13",1103192.294
"2015-06-14",1329986.083
"2015-06-15",1370312.788
"2015-06-16",1844236.257
"2015-06-17",1955229.236
"2015-06-18",1459868.831
"2015-06-19",1837052.86
"2015-06-20",1286244.196
"2015-06-21",921198.446
"2015-06-22",1059024.193
"2015-06-23",1260338.91
"2015-06-24",1132574.146
"2015-06-25",942740.58
"2015-06-26",1512668.253
"2015-06-27",1294255.248
"2015-06-28",870994.431
"2015-06-29",1139559.772
"2015-06-30",1734608.373
"2015-07-01",1280883.765
"2015-07-02",1337087.915
"2015-07-03",1337098.451
"2015-07-04",1036173.958
"2015-07-05",933717.891
"2015-07-06",1530520.877
"2015-07-07",1344477.334
"2015-07-08",1278925.215
"2015-07-09",1298475.191
"2015-07-10",1780454.013
"2015-07-11",1354466.273
"2015-07-12",1292504.569
"2015-07-13",1331647.863
"2015-07-14",1286400.64
"2015-07-15",1268311.651
"2015-07-16",1473628.098
"2015-07-17",1229550.441
"2015-07-18",947779.373
"2015-07-19",751333.209
"2015-07-20",949290.191
"2015-07-21",1096580.925
"2015-07-22",1030804.423
"2015-07-23",1185367.953
"2015-07-24",1221682.858
"2015-07-25",879910.289
"2015-07-26",579341.807
"2015-07-27",926695.322
"2015-07-28",1265076.765
"2015-07-29",1103188.351
"2015-07-30",1033333.158
"2015-07-31",1041513.336
"2015-08-01",884759.556
"2015-08-02",671499.469
"2015-08-03",949949.815
"2015-08-04",1075348.883
"2015-08-05",1327670.612
"2015-08-06",1103973.305
"2015-08-07",1228088.121
"2015-08-08",1303148.206
"2015-08-09",1075398.359
"2015-08-10",1381572.867
"2015-08-11",1195838.48
"2015-08-12",1281112.96
"2015-08-13",1461956.275
"2015-08-14",1328948.019
"2015-08-15",1201448.04
"2015-08-16",1145737.755
"2015-08-17",1414273.993
"2015-08-18",1704654.578
"2015-08-19",1803977.193
"2015-08-20",1570874.331
"2015-08-21",1529910.596
"2015-08-22",1217558.105
"2015-08-23",1169074.884
"2015-08-24",1811809.748
"2015-08-25",2136229.162
"2015-08-26",1656288.99
"2015-08-27",1595398.217
"2015-08-28",1621121.83
"2015-08-29",1154973.296
"2015-08-30",799631.79
"2015-08-31",1064439.482
"2015-09-01",1568804.786
"2015-09-02",1453675.881
"2015-09-03",1211735.92
"2015-09-04",1116494.719
"2015-09-05",1077080.375
"2015-09-06",961656.671
"2015-09-07",950863.321
"2015-09-08",1260514.609
"2015-09-09",1451482.776
"2015-09-10",1382058.061
"2015-09-11",1280146.774
"2015-09-12",858171.454
"2015-09-13",814693.735
"2015-09-14",1223402.059
"2015-09-15",1321276.593
"2015-09-16",1432383.606
"2015-09-17",1352347.355
"2015-09-18",1201441.587
"2015-09-19",1301022.974
"2015-09-20",869500.503
"2015-09-21",1487223.854
"2015-09-22",1536071.651
"2015-09-23",1354982.61
"2015-09-24",1131711.597
"2015-09-25",1449833.87
"2015-09-26",1084746.277
"2015-09-27",762590.482
"2015-09-28",1369699.087
"2015-09-29",1643197.116
"2015-09-30",1549007.547
"2015-10-01",1408171.124
"2015-10-02",1834545.022
"2015-10-03",1180360.36
"2015-10-04",918962.564
"2015-10-05",1215322.432
"2015-10-06",1780616.553
"2015-10-07",1481143.695
"2015-10-08",1975585.338
"2015-10-09",1352775.246
"2015-10-10",1283682.356
"2015-10-11",980167.59
"2015-10-12",1362093.229
"2015-10-13",1618164.228
"2015-10-14",1604043.532
"2015-10-15",2130369.117
"2015-10-16",1706812.79
"2015-10-17",1734621.278
"2015-10-18",1071197.315
"2015-10-19",1370688.344
"2015-10-20",1577569.835
"2015-10-21",1461543.981
"2015-10-22",1621906.313
"2015-10-23",1442045.166
"2015-10-24",1438771.541
"2015-10-25",1349019.65
"2015-10-26",1555314.875
"2015-10-27",1817399.43
"2015-10-28",1982987.32
"2015-10-29",2282588.666
"2015-10-30",2576175.753
"2015-10-31",1892685.654
"2015-11-01",1808217.939
"2015-11-02",2318357.456
"2015-11-03",2921589.028
"2015-11-04",11707414.86
"2015-11-05",3874950.612
"2015-11-06",2867169.802
"2015-11-07",2299911.468
"2015-11-08",2106559.626
"2015-11-09",2906015.996
"2015-11-10",2580989.226
"2015-11-11",3860070.457
"2015-11-12",2970257.42
"2015-11-13",2861605.149
"2015-11-14",3242922.675
"2015-11-15",2128062.231
"2015-11-16",2538621.219
"2015-11-17",1856400.162
"2015-11-18",2009885.641
"2015-11-19",2024646.994
"2015-11-20",2253779.267
"2015-11-21",1611089.44
"2015-11-22",1104568.386
"2015-11-23",1278362.904
"2015-11-24",1414610.272
"2015-11-25",1858049.909
"2015-11-26",2148058.274
"2015-11-27",2195779.209
"2015-11-28",2064689.215
"2015-11-29",1270903.67
"2015-11-30",2271903.227
"2015-12-01",2663137.258
"2015-12-02",2701487.049
"2015-12-03",2151712.507
"2015-12-04",2667462.208
"2015-12-05",4814997.075
"2015-12-06",5637565.634
"2015-12-07",3098092.997
"2015-12-08",2992135.185
"2015-12-09",3869382.898
"2015-12-10",3370213.782
"2015-12-11",3624518.393
"2015-12-12",3535444.344
"2015-12-13",5135908.454
"2015-12-14",4813539.635
"2015-12-15",4352520.595
"2015-12-16",4432222.993
"2015-12-17",4256300.693
"2015-12-18",4026919.224
"2015-12-19",3973674.78
"2015-12-20",3854017.05
"2015-12-21",5241787.465
"2015-12-22",4814662.102
"2015-12-23",4523984.277
"2015-12-24",4734609.237
"2015-12-25",4018262.267
"2015-12-26",2670582.944
"2015-12-27",1517703.744
"2015-12-28",1979239.841
"2015-12-29",2089114.923
"2015-12-30",2490059.568
"2015-12-31",1227621.269
"2016-01-01",976452.839
"2016-01-02",1014427.408
"2016-01-03",891683.747
"2016-01-04",1016358.616
"2016-01-05",1196076.642
"2016-01-06",1492712.392
"2016-01-07",1536633.732
"2016-01-08",1294742.515
"2016-01-09",898916.059
"2016-01-10",1156445.687
"2016-01-11",1754221.804
"2016-01-12",1240624.841
"2016-01-13",1418323.062
"2016-01-14",1200884.444
"2016-01-15",1605659.354
"2016-01-16",1627411.818
"2016-01-17",6688157.584
"2016-01-18",9211159.676
"2016-01-19",10636308.785
"2016-01-20",5061050.413
"2016-01-21",3520396.332
"2016-01-22",7043414.583
"2016-01-23",33278578.024
"2016-01-24",38433356.142
"2016-01-25",45992222.558
"2016-01-26",7554131.782
"2016-01-27",9956892.413
"2016-01-28",12897554.298
"2016-01-29",6544542.321
"2016-01-30",4276470.357
"2016-01-31",1414303.014
"2016-02-01",4997779.266
"2016-02-02",3929600.015
"2016-02-03",1976661.551
"2016-02-04",2341430.416
"2016-02-05",3499411.402
"2016-02-06",3304540.948
"2016-02-07",2957759.248
"2016-02-08",2650183.043
"2016-02-09",2285064.557
"2016-02-10",2522137.318
"2016-02-11",2731609.219
"2016-02-12",2627933.255
"2016-02-13",2705466.813
"2016-02-14",2795383.456
"2016-02-15",3665303.367
"2016-02-16",3996092.8
"2016-02-17",3953386.843
"2016-02-18",3903312.14
"2016-02-19",4069429.391
"2016-02-20",4918446.341
"2016-02-21",4198706.241
"2016-02-22",4350212.802
"2016-02-23",3976883.696
"2016-02-24",3726616.875
"2016-02-25",3124689.67
"2016-02-26",3335713.663
"2016-02-27",2577124.498
"2016-02-28",8045197.654
"2016-02-29",8973334.426
"2016-03-01",11910037.676
"2016-03-02",5912875.38
"2016-03-03",3660823.725
"2016-03-04",6843890.071
"2016-03-05",18219205.885
"2016-03-06",4004392.263
"2016-03-07",2835066.071
"2016-03-08",2358524.713
"2016-03-09",2036078.8
"2016-03-10",2456426.106
"2016-03-11",2370005.658
"2016-03-12",1969207.682
"2016-03-13",1506469.53
"2016-03-14",2279601.661
"2016-03-15",2178009.21
"2016-03-16",12271722.731
"2016-03-17",10141726.55
"2016-03-18",2457182.442
"2016-03-19",5098832.835
"2016-03-20",1729851.945
"2016-03-21",1990510.38
"2016-03-22",2215916.834
"2016-03-23",2111320.058
"2016-03-24",2204252.776
"2016-03-25",2205698.57
"2016-03-26",1641260.723
"2016-03-27",1669836.531
"2016-03-28",1960785.121
"2016-03-29",2003758.549
"2016-03-30",2199901.05
"2016-03-31",2142400.635
"2016-04-01",2109360.286
"2016-04-02",1965843.021
"2016-04-03",1508390.273
"2016-04-04",2056696.286
"2016-04-05",2255979.359
"2016-04-06",2314862.078
"2016-04-07",2839473.246
"2016-04-08",2562759.253
"2016-04-09",2534235.177
"2016-04-10",1926491.659
"2016-04-11",2454123.873
"2016-04-12",3429822.608
"2016-04-13",3219968.159
"2016-04-14",2914673.072
"2016-04-15",3815209.067
"2016-04-16",3332612.617
"2016-04-17",2586774.196
"2016-04-18",3662053.349
"2016-04-19",3661654.333
"2016-04-20",4120807.029
"2016-04-21",4757256.083
"2016-04-22",5348349.571
"2016-04-23",3942258.295
"2016-04-24",2196643.541
"2016-04-25",2663023.74
"2016-04-26",2624477.87
"2016-04-27",2697707.972
"2016-04-28",2550648.292
"2016-04-29",2696094.719
"2016-04-30",1973333.046
"2016-05-01",1812553.236
"2016-05-02",2380338.225
"2016-05-03",2288265.763
"2016-05-04",2301610.154
"2016-05-05",2185608.483
"2016-05-06",2184572.2
"2016-05-07",2037398.245
"2016-05-08",1679528.768
"2016-05-09",2031175.234
"2016-05-10",2133563.302
"2016-05-11",2474215.756
"2016-05-12",2356429.506
"2016-05-13",2507296.785
"2016-05-14",2043885.881
"2016-05-15",2021074.129
"2016-05-16",2539330.633
"2016-05-17",2703021.573
"2016-05-18",2295199.04
"2016-05-19",2550845.13
"2016-05-20",2133086.96
"2016-05-21",1739646.532
"2016-05-22",1425391.907
"2016-05-23",1940214.062
"2016-05-24",2437979.358
"2016-05-25",3586419.223
"2016-05-26",3526000.133
"2016-05-27",4081218.742
"2016-05-28",3641074.866
"2016-05-29",2762806.414
"2016-05-30",2315032.858
"2016-05-31",2537578.076
"2016-06-01",2324008.882
"2016-06-02",2470443.756
"2016-06-03",1951996.473
"2016-06-04",1556686.063
"2016-06-05",1809876.983
"2016-06-06",1840146.95
"2016-06-07",2159519.448
"2016-06-08",2094713.653
"2016-06-09",2052849.367
"2016-06-10",2285892.565
"2016-06-11",1947982.446
"2016-06-12",2633506.071
"2016-06-13",2833943.221
"2016-06-14",2398265.616
"2016-06-15",2176726.764
"2016-06-16",2826165.191
"2016-06-17",2800379.216
"2016-06-18",2348389.785
"2016-06-19",2075440.958
"2016-06-20",2423545.009
"2016-06-21",2938995.808
"2016-06-22",2627001.508
"2016-06-23",3252032.643
"2016-06-24",2759270.206
"2016-06-25",2349878.073
"2016-06-26",1777284.247
"2016-06-27",2127812.294
"2016-06-28",1847650.74
"2016-06-29",2060057.483
"2016-06-30",2013921.605
"2016-07-01",2021388.538
"2016-07-02",2167221.441
"2016-07-03",1774492.057
"2016-07-04",2268252.703
"2016-07-05",2217962.326
"2016-07-06",1991370.95
"2016-07-07",2063346.59
